sample_key,gaze__n,gaze__duration,gaze__rate_hz,gaze__gaze_x__nan_frac,gaze__gaze_x__mean,gaze__gaze_x__std,gaze__gaze_x__min,gaze__gaze_x__max,gaze__gaze_x__median,gaze__gaze_x__q25,gaze__gaze_x__q75,gaze__gaze_x__iqr,gaze__gaze_x__skew,gaze__gaze_x__kurt,gaze__gaze_x__diff_mean,gaze__gaze_x__diff_std,gaze__gaze_x__absdiff_mean,gaze__gaze_x__absdiff_std,gaze__gaze_x__slope,gaze__gaze_x__autocorr_lag1,gaze__gaze_x__autocorr_lag2,gaze__gaze_x__autocorr_lag5,gaze__gaze_x__autocorr_lag10,gaze__gaze_x__fft_dom_bin,gaze__gaze_x__fft_spec_entropy,gaze__gaze_y__nan_frac,gaze__gaze_y__mean,gaze__gaze_y__std,gaze__gaze_y__min,gaze__gaze_y__max,gaze__gaze_y__median,gaze__gaze_y__q25,gaze__gaze_y__q75,gaze__gaze_y__iqr,gaze__gaze_y__skew,gaze__gaze_y__kurt,gaze__gaze_y__diff_mean,gaze__gaze_y__diff_std,gaze__gaze_y__absdiff_mean,gaze__gaze_y__absdiff_std,gaze__gaze_y__slope,gaze__gaze_y__autocorr_lag1,gaze__gaze_y__autocorr_lag2,gaze__gaze_y__autocorr_lag5,gaze__gaze_y__autocorr_lag10,gaze__gaze_y__fft_dom_bin,gaze__gaze_y__fft_spec_entropy,gaze__screen_x__nan_frac,gaze__screen_x__mean,gaze__screen_x__std,gaze__screen_x__min,gaze__screen_x__max,gaze__screen_x__median,gaze__screen_x__q25,gaze__screen_x__q75,gaze__screen_x__iqr,gaze__screen_x__skew,gaze__screen_x__kurt,gaze__screen_x__diff_mean,gaze__screen_x__diff_std,gaze__screen_x__absdiff_mean,gaze__screen_x__absdiff_std,gaze__screen_x__slope,gaze__screen_x__autocorr_lag1,gaze__screen_x__autocorr_lag2,gaze__screen_x__autocorr_lag5,gaze__screen_x__autocorr_lag10,gaze__screen_x__fft_dom_bin,gaze__screen_x__fft_spec_entropy,gaze__screen_y__nan_frac,gaze__screen_y__mean,gaze__screen_y__std,gaze__screen_y__min,gaze__screen_y__max,gaze__screen_y__median,gaze__screen_y__q25,gaze__screen_y__q75,gaze__screen_y__iqr,gaze__screen_y__skew,gaze__screen_y__kurt,gaze__screen_y__diff_mean,gaze__screen_y__diff_std,gaze__screen_y__absdiff_mean,gaze__screen_y__absdiff_std,gaze__screen_y__slope,gaze__screen_y__autocorr_lag1,gaze__screen_y__autocorr_lag2,gaze__screen_y__autocorr_lag5,gaze__screen_y__autocorr_lag10,gaze__screen_y__fft_dom_bin,gaze__screen_y__fft_spec_entropy,gaze__yaw__nan_frac,gaze__yaw__mean,gaze__yaw__std,gaze__yaw__min,gaze__yaw__max,gaze__yaw__median,gaze__yaw__q25,gaze__yaw__q75,gaze__yaw__iqr,gaze__yaw__skew,gaze__yaw__kurt,gaze__yaw__diff_mean,gaze__yaw__diff_std,gaze__yaw__absdiff_mean,gaze__yaw__absdiff_std,gaze__yaw__slope,gaze__yaw__autocorr_lag1,gaze__yaw__autocorr_lag2,gaze__yaw__autocorr_lag5,gaze__yaw__autocorr_lag10,gaze__yaw__fft_dom_bin,gaze__yaw__fft_spec_entropy,gaze__pitch__nan_frac,gaze__pitch__mean,gaze__pitch__std,gaze__pitch__min,gaze__pitch__max,gaze__pitch__median,gaze__pitch__q25,gaze__pitch__q75,gaze__pitch__iqr,gaze__pitch__skew,gaze__pitch__kurt,gaze__pitch__diff_mean,gaze__pitch__diff_std,gaze__pitch__absdiff_mean,gaze__pitch__absdiff_std,gaze__pitch__slope,gaze__pitch__autocorr_lag1,gaze__pitch__autocorr_lag2,gaze__pitch__autocorr_lag5,gaze__pitch__autocorr_lag10,gaze__pitch__fft_dom_bin,gaze__pitch__fft_spec_entropy,gaze__is_fixation__mean,gaze__is_fixation__switches,gaze__is_luogu__mean,gaze__is_luogu__switches,gaze__aoi_region__n_unique,gaze__aoi_region__entropy,gaze__aoi_region__top1_prop,gaze__aoi_name__n_unique,gaze__aoi_name__entropy,gaze__aoi_name__top1_prop,gaze__task_id__n_unique,gaze__task_id__entropy,gaze__task_id__top1_prop,gaze__fixation_id__n_unique,gaze__fixation_id__max,fix__n,fix__duration__sum,fix__duration__mean,fix__duration__std,fix__duration__median,fix__aoi_region__n_unique,fix__aoi_region__entropy,fix__aoi_region__top1_prop,blink__n,trans__n,trans__from_aoi__n_unique,trans__from_aoi__entropy,trans__from_aoi__top1_prop,trans__to_aoi__n_unique,trans__to_aoi__entropy,trans__to_aoi__top1_prop,trans__task_id__n_unique,trans__task_id__entropy,trans__task_id__top1_prop,trans__same_frac,event__n,event__n_types,event__type__TASK_START__count,event__type__TASK_END__count,event__type__SESSION_START__count,event__type__SESSION_END__count,task__n,task__duration__mean,task__duration__std,task__difficulty__mean,task__difficulty__std,task__subjective_difficulty__mean,task__subjective_difficulty__std,task__subjective_effort__mean,task__subjective_effort__std,task__result__n_unique,task__result__entropy,meta__total_gaze_records,meta__total_fixations,meta__total_transitions,meta__total_blinks,meta__total_tasks,meta__session_duration
20260124_140152,28759.0,3396.282620191574,8.46778764200071,0.0,0.29258116752581803,0.31606077653761944,0.0,0.99921875,0.167578125,0.009375,0.5232421875,0.5138671874999999,0.8454699063720842,-0.5819995303845351,-4.523197892760134e-06,0.1658032630829532,0.0723977213949162,0.1491619656824031,6.074012261650891e-05,0.8624047374257309,0.75633160268356,0.571780226186613,0.45085344958383505,0.03125,0.9090190704844657,0.0,0.6499280659967315,0.3757892834672534,0.0,0.99875,0.804375,0.33625,0.994375,0.6581250000000001,-0.6756491887395623,-1.1103547774635023,1.3083315946866856e-05,0.1424306888004316,0.0709779887335698,0.12348532867784655,1.8834097535572852e-05,0.9281747580188754,0.8817345368438043,0.8002491520081919,0.7257702620575778,0.21875,0.8490579095606575,0.0,749.0077888660941,809.1155879363059,0.0,2558.0,429.0,24.0,1339.5,1315.5,0.8454699063720843,-0.5819995303845351,-0.011579386605466304,424.4563534923602,185.33816677098545,381.85463214695193,0.15549471389826278,0.8624047374257301,0.7563316026835604,0.5717802261866137,0.4508534495838351,0.03125,0.9090190704844656,0.0,1039.8849055947703,601.2628535476053,0.0,1598.0,1287.0,538.0,1591.0,1053.0,-0.6756491887395623,-1.110354777463502,0.020933305514987136,227.88910208069055,113.56478197371166,197.57652588455448,0.03013455605691657,0.9281747580188764,0.8817345368438041,0.8002491520081918,0.7257702620575784,0.21875,0.8490579095606575,0.0,-0.294343780820844,0.25644310183426683,-1.2295589447021484,0.4885222911834717,-0.2681891024112701,-0.35773724317550654,-0.1545392572879791,0.20319798588752744,-1.0846757774663354,1.753712367737604,2.1516710936389556e-06,0.09463326529939582,0.05752678459995261,0.07514069443015667,-1.687956394988622e-05,0.9319135417483957,0.8683449159538541,0.6951931125757645,0.5948551925996458,0.03125,0.9030977808232037,0.0,9.175939713661739e-05,0.37201437871094967,-2.641655921936035,1.887027621269226,0.0390430092811584,-0.10270281136035915,0.1473600342869758,0.25006284564733494,-0.8776707041646489,7.789982327015842,4.9724002832563354e-05,0.28689735909518793,0.12452741754336423,0.2584628008210278,-6.168475564036236e-05,0.702550874945204,0.5934220070214591,0.42920084801622466,0.3230547458196021,0.03125,0.9002665226140909,0.11085225494627769,2142.0,0.768837581278904,504.0,7.0,1.7000737968758681,0.36684168434229286,7.0,1.7000737968758681,0.36684168434229286,3.0,0.616082266252433,0.7930734726520393,991.0,990.0,990.0,395.06641936302185,0.39905698925557764,1.2687294800902162,0.14988660812377924,7.0,1.657699651950588,0.37272727272727274,0.0,4945.0,7.0,1.8699900216000649,0.19959555106167845,7.0,1.8700030486092816,0.19959555106167845,3.0,0.7528241986716393,0.7089989888776542,0.0,6.0,4.0,2.0,2.0,1.0,1.0,2.0,1602.2348339557648,1066.3181734085083,,,3.0,2.0,3.0,1.0,2.0,0.6931471805599453,28759.0,990.0,4945.0,0.0,2.0,3423.312036752701
20260126,17930.0,1511.88481092453,11.85936909375765,0.0,0.31501056626464025,0.2370993981337762,0.0,0.99921875,0.281640625,0.13681640625,0.43193359374999996,0.29511718749999993,0.9684901058189979,0.6487632732561179,-1.9303572424563467e-05,0.09393551593403512,0.04336122692286241,0.08332877969924501,6.021011531434663e-05,0.921520274509268,0.820933126146198,0.573409718714963,0.4265288891914412,0.53125,0.8680459437332195,0.0,0.6274223020078081,0.32604911653588226,0.0,0.99875,0.6725,0.34265625,0.975,0.63234375,-0.3433344187287994,-1.248701982883983,2.5273300239835133e-05,0.12242230608899565,0.05797342991800993,0.10782533603207103,8.551979427215677e-05,0.9295120535440917,0.8470817351564346,0.6372813345588135,0.4696768201495014,0.53125,0.8535950667036635,0.0,806.4270496374791,606.9744592224671,0.0,2558.0,721.0,350.25,1105.75,755.5,0.9684901058189981,0.6487632732561197,-0.049417145406882704,240.47492079112993,111.00474092252774,213.32167603006724,0.15413789520472743,0.9215202745092685,0.8209331261461973,0.5734097187149635,0.4265288891914411,0.53125,0.8680459437332195,0.0,1003.8756832124931,521.6785864574116,0.0,1598.0,1076.0,548.25,1560.0,1011.75,-0.34333441872879983,-1.2487019828839836,0.04043728038373585,195.87568974239304,92.75748786881589,172.52053765131367,0.1368316708354508,0.9295120535440914,0.8470817351564345,0.6372813345588139,0.46967682014950146,0.53125,0.8535950667036635,0.0,-0.3195133012037387,0.2254823258293989,-1.1919201612472534,0.172105461359024,-0.26686833798885345,-0.44417700916528696,-0.14246360957622523,0.30171339958906174,-0.7840133596895412,-0.21025222126544074,4.861781225992506e-06,0.0937828144664465,0.0543571389502,0.07642328020985159,-4.456106447554015e-05,0.9135080856326928,0.8335085721157036,0.6197361209248327,0.44268085552741737,0.53125,0.8943392949037771,0.0,0.0016589059601123046,0.3164796521130553,-2.8445730209350586,1.4834563732147217,0.061611698940396295,-0.023991620168089825,0.1259853690862655,0.14997698925435532,-3.7506579400243223,19.53829471283076,-7.956807841697604e-07,0.16952408130920907,0.0665503828079853,0.15591491491347148,-7.41356257066305e-05,0.8565425735136554,0.7799123925428786,0.6094611534645189,0.4508184556873864,0.40625,0.944160680825551,0.06938092582264362,1120.0,0.3373117679866146,47.0,7.0,1.0545449809423377,0.6812046848856664,7.0,1.0545449809423377,0.6812046848856664,2.0,0.1517977129398903,0.9649749023982153,207.0,206.0,206.0,99.65074634552002,0.48374148711417486,2.0212948031880704,0.18470883369445795,7.0,0.6985000727380355,0.7961165048543689,0.0,1133.0,7.0,1.8348041238892336,0.19858781994704325,7.0,1.8348041238892336,0.19858781994704325,2.0,0.18085631065423746,0.9558693733451015,0.0,3.0,3.0,1.0,1.0,1.0,,1.0,1419.362319231033,,,,3.0,,3.0,,1.0,-0.0,17930.0,206.0,1133.0,0.0,1.0,1514.027086019516
20260126_152828,4757.0,3526.278732776642,1.3490141762713892,0.0,0.32796320444432764,0.328449289157613,0.0,0.99921875,0.2046875,0.01484375,0.612890625,0.598046875,0.5585213250630366,-1.1309129654888688,3.3099637300252355e-05,0.3121439279781931,0.17809414533396412,0.25635192269028584,-4.8245087822014245e-05,0.5484467448425419,0.457191290622206,0.33225909096292133,0.28508792972098224,0.34375,0.8658092032199004,0.0,0.5147809465972174,0.33084636619175695,0.0,0.9986111111111112,0.5180555555555556,0.2104166666666666,0.7895833333333333,0.5791666666666667,-0.03562320437195268,-1.2489946998420467,-0.00010133398747780633,0.3120073789019878,0.20434801654051024,0.23577638324019,3.865347264212498e-05,0.5553007909681973,0.4371207830318684,0.3117109545851866,0.2155835528569389,0.03125,0.9258892370945805,0.0,870.5780954383015,871.8993234043378,0.0,2558.0,543.0,38.0,1636.0,1598.0,0.5351324011759491,-1.203858421349864,0.08473507148864592,802.778365458294,460.28111858704796,657.7190913301655,-0.16431754991185996,0.5761756733537589,0.4871532144352678,0.3663278784534113,0.3260569729179059,0.34375,0.872841506056745,0.0,751.5675846121505,479.8330120683441,0.0,1438.0,757.0,314.0,1163.0,849.0,-0.05917048996008788,-1.2688057725462052,-0.14592094196804037,454.48942016118434,298.1084945332212,343.06264707558495,0.042107177413230217,0.55140094537422,0.42700828480952147,0.2971237725441441,0.19390971417025937,0.34375,0.9364565589639509,0.0,-0.31320208643872866,0.21259173396304956,-1.2389072179794312,0.2297378480434417,-0.2835576832294464,-0.3761882781982422,-0.1691426932811737,0.20704558491706848,-1.3315480827156267,2.1012769855871887,0.000169305482533071,0.23150732424711987,0.1452586927522276,0.18026531009687208,-5.388512331728074e-06,0.4066986810886384,0.3463459055787271,0.22778866919712085,0.1375037451320988,0.8125,0.9182488844738824,0.0,0.06850981280699138,0.3442019664708736,-2.762421131134033,1.398856282234192,0.147660031914711,-0.0901360213756561,0.2717103660106659,0.361846387386322,-2.3366329854500543,12.041188245447337,0.00027878644513522317,0.28351273269822347,0.15298447947120802,0.23869498604876443,7.685650991299576e-05,0.6601586467725115,0.5786083256596525,0.4632614033501505,0.3760621081915986,0.03125,0.8844747478916268,0.05129283161656506,124.0,0.12066428421273911,62.0,7.0,0.5364838736938493,0.8795459323102796,7.0,0.5364838736938493,0.8795459323102796,2.0,0.5086249698154485,0.7939878074416649,83.0,82.0,82.0,230.10403537750244,2.8061467728963714,8.84644414144506,0.9620646238327026,5.0,0.5328419707466864,0.8658536585365854,0.0,245.0,7.0,1.8701120859697948,0.2693877551020408,7.0,1.8701120859697948,0.2693877551020408,2.0,0.5424622461422788,0.7673469387755102,0.0,4.0,4.0,1.0,1.0,1.0,1.0,1.0,2964.903111219406,,,,3.0,,5.0,,1.0,-0.0,4757.0,82.0,245.0,0.0,1.0,3527.077071905136
20260126_221217,1248.0,1064.0099031925201,1.1729214138472064,0.0,0.10296756059695511,0.22989696445237912,0.0,0.971484375,0.0,0.0,0.03994140625,0.03994140625,2.315594136282806,4.109062560484554,-1.5975842020849576e-05,0.19769777840461789,0.08009002856856455,0.18074844166751605,-9.359083552630823e-05,0.6297116544180094,0.42933108073227927,0.1703121205197529,0.028298431518430516,0.6875,0.8723965580458459,0.0,0.597758079594017,0.36119183805800975,0.0833333333333333,0.9986111111111112,0.6020833333333333,0.2088541666666666,0.9770833333333332,0.7682291666666666,-0.0942823298125053,-1.7370412970514733,-7.796489352222018e-06,0.3875160097396122,0.25941927292167877,0.28787201792130485,0.00014488900027041887,0.4248865926101003,0.3141959899242109,0.24488512402747314,0.16121708619409789,0.40625,0.863191811810007,0.0,263.59695512820514,588.5362289980906,0.0,2487.0,0.0,0.0,102.25,102.25,2.3155941362828063,4.109062560484554,-0.0408981555733761,506.1063127158218,205.03047313552526,462.716010668841,-0.23959253894734908,0.6297116544180095,0.4293310807322799,0.1703121205197531,0.028298431518430495,0.6875,0.8723965580458459,0.0,860.7716346153846,520.1162468035341,120.0,1438.0,867.0,300.75,1407.0,1106.25,-0.09428232981250571,-1.7370412970514737,-0.011226944667201283,558.0230540250416,373.5637530072173,414.53570580667895,0.20864016038940317,0.4248865926101004,0.31419598992421083,0.24488512402747306,0.16121708619409783,0.40625,0.863191811810007,0.0,-0.3643876834464605,0.26381292429670467,-1.2122688293457031,0.1586785912513733,-0.2946353703737259,-0.4181170240044594,-0.1778803952038288,0.24023662880063057,-1.2173881809293456,0.7459054832371961,0.0002022215076322642,0.34061819590497605,0.2244253521435054,0.2562304774814316,-5.4013499233813854e-05,0.16689792347466334,0.1507300828500463,0.09521469538525572,0.04077259969875135,0.53125,0.883999436219277,0.0,0.13300334097955505,0.2758447337629667,-2.490444660186768,1.1602517366409302,0.2197487503290176,0.01608908968046305,0.27603338658809656,0.2599442969076335,-3.1367100479444643,21.86499654762486,0.00020769411591930833,0.3332522246441814,0.18720985943083326,0.2756983077551064,6.954999637393096e-05,0.27068367728750736,0.15529459070217516,0.11417708301110803,0.05149567546052898,0.6875,0.879886337168484,0.11939102564102565,126.0,0.14022435897435898,22.0,7.0,0.5564598975853765,0.8597756410256411,7.0,0.5564598975853765,0.8597756410256411,2.0,0.2982156052193184,0.9118589743589743,75.0,74.0,74.0,167.1091639995575,2.2582319459399662,7.334494618963652,0.9296697378158569,4.0,0.5350355958698977,0.8378378378378378,0.0,86.0,7.0,1.727772745263576,0.36046511627906974,7.0,1.727772745263576,0.36046511627906974,2.0,0.5920726008913406,0.7209302325581395,0.0,4.0,4.0,1.0,1.0,1.0,1.0,1.0,956.0224506855012,,,,1.0,,1.0,,1.0,-0.0,1248.0,74.0,86.0,0.0,1.0,1064.8968424797058
20260126_230211,16483.0,1985.754165649414,8.30062466197041,0.0,0.37383151390826913,0.2660302959231072,0.0,0.998828125,0.375,0.13671875,0.547265625,0.410546875,0.3216389501766363,-0.7254528938433733,-6.256825627957925e-06,0.1458134097481495,0.07562520856085427,0.12466907528195154,7.345588954238934e-05,0.8497967293262393,0.7072834820100107,0.45031165369118936,0.3025995246197868,0.125,0.8240479557079798,0.0,0.5102348631923801,0.3526741611610326,0.0,0.99875,0.5,0.1825,0.83875,0.65625,-0.009313735781084086,-1.354409500149103,4.777939570440635e-06,0.1637050010488876,0.08759768232010678,0.13829668630661635,7.99971886340944e-05,0.8922739425111403,0.7961009238152915,0.5837703362126326,0.4351244272520989,0.0625,0.9075035707501089,0.0,957.008675605169,681.0375575631545,0.0,2557.0,960.0,350.0,1401.0,1051.0,0.3216389501766364,-0.7254528938433742,-0.016017473607571896,373.2823289552627,193.6005339157869,319.15283272179596,0.18804707722851674,0.8497967293262397,0.7072834820100113,0.4503116536911894,0.3025995246197864,0.125,0.8240479557079796,0.0,816.375781107808,564.2786578576522,0.0,1598.0,800.0,292.0,1342.0,1050.0,-0.009313735781083618,-1.3544095001491026,0.007644703312704768,261.92800167822014,140.15629171217086,221.27469809058613,0.12799550181455102,0.89227394251114,0.7961009238152911,0.5837703362126329,0.435124427252099,0.0625,0.9075035707501088,0.0,-0.2776194821078065,0.2327385425153178,-1.07582426071167,0.393600583076477,-0.2303328216075897,-0.316144660115242,-0.14118696004152295,0.17495770007371905,-1.3717609331070277,1.5785497859140234,2.8938973590796874e-06,0.11837980746124227,0.0631759072782632,0.1001128541322428,-5.990142669079854e-05,0.8706511490099851,0.742566152525391,0.45788438281815735,0.32846795865787415,0.0625,0.9050316562380206,0.0,0.11267361288320477,0.22070933805576118,-2.1230216026306152,1.7578791379928589,0.0987582728266716,0.03654709272086615,0.1706162169575691,0.13406912423670295,0.8746624680964594,16.202277010057298,8.651686561308594e-06,0.1359489879374448,0.063709542237955,0.12009671778986061,-2.589030227013108e-07,0.8103026499187252,0.7326476576098835,0.5233398463665742,0.35432443693564514,0.84375,0.9113434303508973,0.07565370381605291,570.0,0.7116422981253413,50.0,7.0,1.4036443035590807,0.4753988958320694,7.0,1.4036443035590807,0.4753988958320694,4.0,0.8771591968930915,0.6488503306436935,270.0,269.0,269.0,174.2947564125061,0.6479358974442606,2.535865832741601,0.1578164100646972,7.0,1.337873203224834,0.5055762081784386,0.0,2017.0,7.0,1.8112694066389163,0.21715418939018344,7.0,1.8112694066389163,0.21715418939018344,4.0,0.9093461153183271,0.5319781854238969,0.0,8.0,4.0,3.0,3.0,1.0,1.0,3.0,604.3758385976155,522.7780939579192,,,1.3333333333333333,0.4714045207910317,1.3333333333333333,0.4714045207910317,2.0,0.6365141682948128,16483.0,269.0,2017.0,0.0,3.0,2013.4683074951172
20260127_204001,27715.0,2486.9154918193817,11.144327216251412,0.0,0.301872575771243,0.2721687016234715,0.0,0.99921875,0.23984375,0.051953125,0.496875,0.444921875,0.7269731597223276,-0.44741894430433327,-1.255852186620486e-05,0.12185711918342108,0.051669014870642994,0.1103606386158409,-2.0821389427629385e-05,0.8997726407798888,0.7752188291384431,0.4934150240848002,0.346311328032389,0.46875,0.917588980250056,0.0,0.5421301416200615,0.34628098016647135,0.0,0.999375,0.480625,0.230625,0.9625,0.731875,0.12265718148725942,-1.488632745919367,1.6011763007866158e-05,0.15075108128709816,0.06797358735657069,0.13455660588571816,2.84085004843725e-05,0.9052392100094703,0.787110401075374,0.5074157670429803,0.3323841790426558,0.125,0.9051634969129034,0.0,772.7937939743821,696.7518761560872,0.0,2558.0,614.0,133.0,1272.0,1139.0,0.7269731597223277,-0.44741894430433327,-0.03214981597748431,311.95422510955797,132.27267806884606,282.52323485655273,-0.053302756934731216,0.8997726407798888,0.7752188291384429,0.4934150240847999,0.3463113280323886,0.46875,0.9175889802500561,0.0,867.4082265920981,554.0495682663541,0.0,1599.0,769.0,369.0,1540.0,1171.0,0.1226571814872605,-1.4886327459193662,0.025618820812585697,241.20173005935706,108.7577397705131,215.29056941714907,0.045453600774995995,0.9052392100094695,0.7871104010753736,0.5074157670429801,0.3323841790426557,0.125,0.9051634969129034,0.0,-0.3850892399042107,0.16754520410342644,-1.2719265222549438,0.1443950086832046,-0.3543024361133575,-0.47619612514972687,-0.27090513706207275,0.2052909880876541,-0.8284889086948637,0.8354466956706776,9.029763872045175e-06,0.09234459671558233,0.048765162679195485,0.07841864276415254,-5.618176778628276e-06,0.8481028423066848,0.7079536604085211,0.42542653841633776,0.2579037907770221,0.53125,0.8893622142351069,0.0,0.053923328794219634,0.3374734971772782,-2.3010849952697754,1.584880232810974,0.1042845919728279,-0.0257474426180124,0.19664488732814783,0.22239232994616023,-2.613102181552398,15.07893869666858,-1.1740807391969026e-07,0.21341317139070748,0.08114758281141661,0.197383513817435,2.1119098143416942e-05,0.8000511083954744,0.712129563628924,0.5722816225485509,0.4646562079443776,0.75,0.9101624289188813,0.0683384448854411,1862.0,0.5132960490709002,239.0,7.0,1.259127147620685,0.4941367490528595,7.0,1.259127147620685,0.4941367490528595,3.0,0.6851052974727072,0.7224607613205846,416.0,415.0,415.0,156.58181262016296,0.37730557257870595,1.508400735911459,0.1283397674560547,7.0,1.0117658623678483,0.5879518072289157,0.0,3175.0,7.0,1.8327023182649145,0.2692913385826772,7.0,1.8327023182649145,0.2692913385826772,3.0,0.6425048618579622,0.710236220472441,0.0,5.0,3.0,2.0,2.0,1.0,,2.0,1190.7402291297913,580.9537556171417,,,2.0,0.0,3.0,0.0,1.0,-0.0,27715.0,415.0,3175.0,0.0,2.0,2489.8549234867096
20260128_130023,23410.0,2766.001853942871,8.463479504407992,0.0,0.3412005586554891,0.2792144343449454,0.0,0.99921875,0.31953125,0.072265625,0.53046875,0.45820312500000004,0.4978587124760465,-0.6976699036710294,-2.1259184501687177e-05,0.13067617857578623,0.06866035766158315,0.11118461847264298,9.336606649040386e-07,0.8904820596539181,0.7852338213688881,0.572780564667773,0.4159230744243134,0.84375,0.8304221097460357,0.0,0.5088351398974797,0.34482682389113367,0.0,0.99875,0.55125,0.16890625,0.816875,0.64796875,-0.1902721345983881,-1.3375519429150415,2.13860053825453e-05,0.23096132730756244,0.13199338395488916,0.18952805006428317,1.2482211144265036e-05,0.7756910576926067,0.6444847263820971,0.4474575348620376,0.3233093862100235,1.0,0.8535150489611273,0.0,873.4734301580521,714.7889519230603,0.0,2558.0,818.0,185.0,1358.0,1173.0,0.4978587124760467,-0.697669903671029,-0.0544235123243197,334.5310171540128,175.77051561365286,284.63262328996603,0.002390171302154349,0.8904820596539169,0.7852338213688886,0.5727805646677733,0.41592307442431353,0.84375,0.8304221097460355,0.0,814.1362238359675,551.7229182258139,0.0,1598.0,882.0,270.25,1307.0,1036.75,-0.19027213459838746,-1.337551942915042,0.03421760861207228,369.5381236920999,211.18941432782262,303.244880102853,0.01997153783082405,0.7756910576926074,0.6444847263820969,0.4474575348620372,0.32330938621002325,1.0,0.8535150489611273,0.0,-0.2238518792307646,0.22892247267573043,-1.2735450267791748,0.584074079990387,-0.16756238043308255,-0.25063622742891306,-0.11793363280594348,0.13270259462296957,-2.217958838117527,5.4334577409806055,-2.7382356368154604e-05,0.10098896561871648,0.05392652431977181,0.08538560710869718,-4.3693113199452124e-06,0.9026820155606062,0.7925891368524121,0.47990503588089967,0.29597536042816613,0.40625,0.8193399181650508,0.0,-0.07073782921686422,0.33004988890956855,-2.4399142265319824,1.7084386348724363,-0.019981431774795,-0.1268626786768436,0.061325012706220074,0.18818769138306365,-1.723368607147094,9.417144927489662,4.135332392110384e-05,0.25260342021171717,0.10887335715694359,0.22793657388434035,-1.0216925767392833e-05,0.7070914733357,0.5924157804277451,0.36021340975826244,0.20653800169078612,0.84375,0.8702503206030506,0.09841947885519009,980.0,0.46330627936779156,518.0,7.0,1.2506588136398882,0.5414780008543357,7.0,1.2506588136398882,0.5414780008543357,2.0,0.6746891481846524,0.5957710380179411,466.0,465.0,465.0,298.21903920173645,0.6413312671005085,1.7685272429565413,0.3237030506134033,7.0,1.3654050749787416,0.46236559139784944,0.0,2286.0,7.0,1.835607975622096,0.2615923009623797,7.0,1.835607975622096,0.2615923009623797,2.0,0.6628346381050367,0.6224846894138233,0.0,4.0,4.0,1.0,1.0,1.0,1.0,1.0,1611.3120696544647,,,,2.0,,3.0,,1.0,-0.0,23410.0,465.0,2286.0,0.0,1.0,2792.390655517578
20260130_190152,40634.0,5327.485068798065,7.627238645488582,0.0,0.2642563320587439,0.29970006021715606,0.0,0.99921875,0.149609375,0.005078125,0.43203125,0.426953125,1.063302085698963,0.02149103134425756,-1.2286042133241253e-05,0.16977614940663144,0.07700754697536484,0.15130690257594545,5.6481276617352335e-06,0.8395475125622552,0.693822890590416,0.4409304384816616,0.35344387011849776,0.125,0.8902972327671471,0.0,0.3305268832750899,0.35337860229835244,0.0,0.99875,0.175,0.049375,0.525625,0.47625,0.9628665872011269,-0.6065322317201183,-5.460463170329457e-06,0.18375179984341045,0.08879253008638299,0.16087451810764875,-2.3743206693804043e-05,0.8648103968583561,0.7418399315740388,0.488651657793086,0.3854887632417837,0.46875,0.8716134441654019,0.0,676.4962100703844,767.2321541559196,0.0,2558.0,383.0,13.0,1106.0,1093.0,1.0633020856989626,0.021491031344256672,-0.03145226786109812,434.62694248097654,197.139320256934,387.34567059442037,0.014459206814042195,0.8395475125622538,0.6938228905904162,0.4409304384816613,0.353443870118497,0.125,0.8902972327671471,0.0,528.8430132401437,565.4057636773639,0.0,1598.0,280.0,79.0,841.0,762.0,0.9628665872011278,-0.6065322317201169,-0.008736741072527256,294.0028797494567,142.0680481382128,257.399228972238,-0.037989130710086465,0.8648103968583551,0.7418399315740393,0.48865165779308645,0.38548876324178327,0.46875,0.8716134441654019,0.0,-0.1417850039486286,0.19778596632418177,-1.1916534900665283,0.4792995154857635,-0.0940354242920875,-0.1565052010118961,-0.04104237444698808,0.11546282656490803,-2.412982998992407,6.276413890975345,1.5596661789953202e-06,0.12653554759163457,0.06464828094526166,0.10877428270308148,1.3908576599923433e-05,0.7953584448123061,0.6242056564352118,0.2988170960193344,0.21402005004149163,0.5625,0.8817282964776249,0.0,0.0836583959229927,0.29072815650879213,-2.8795204162597656,1.6894646883010864,0.08300181105732915,0.017526263371109924,0.18008294701576227,0.16255668364465234,-2.2863419476738733,19.15017221727433,2.1957391120985375e-05,0.2648225746886324,0.09393599629276135,0.24760255480775972,-5.74745985628803e-06,0.5851097628786216,0.49341928056519674,0.293576648195083,0.2231978592643089,0.40625,0.9128762341642391,0.07230398188708963,2216.0,0.2437367721612443,457.0,7.0,0.8478732210367173,0.7564354973667372,7.0,0.8478732210367173,0.7564354973667372,3.0,0.36684815495012896,0.9034306246000886,1066.0,1065.0,1065.0,406.54109025001526,0.38172872323945095,1.2454621097296446,0.1429440975189209,7.0,1.0411737059369188,0.6732394366197183,0.0,2212.0,7.0,1.891651271881139,0.22151898734177214,7.0,1.8913098726823951,0.22197106690777577,3.0,0.6854147367850161,0.7744122965641953,0.0,6.0,4.0,2.0,2.0,1.0,1.0,2.0,2594.7724475860596,2225.735234260559,,,1.5,0.5,2.5,1.5,1.0,-0.0,40634.0,1065.0,2212.0,0.0,2.0,5354.64982008934
20260206_110122,6409.0,6577.447516441345,0.9743901390288126,0.0,0.44164553752535496,0.3783725352008763,0.0,0.999609375,0.405859375,0.05625,0.84765625,0.79140625,0.2829551050119326,-1.4636328703149746,7.211444678526858e-05,0.31043127217889616,0.17107771779416353,0.25903666617187976,5.874350660195208e-05,0.6634432223171681,0.5731872095556917,0.49775869070451034,0.4233541956237702,0.03125,0.8700133688171866,0.0,0.6825056127667689,0.3336909544659658,0.0,0.9993055555555556,0.7826388888888889,0.4826388888888889,0.9965277777777778,0.5138888888888888,-0.7038129865011481,-0.8420588205662991,-3.6087702871409914e-05,0.2686390687941176,0.14861902222915802,0.22378412994790753,5.271916530057059e-05,0.6759462757067036,0.5775519124009145,0.469795497644005,0.379231091981791,0.125,0.8562111447558567,0.0,1130.6125760649088,968.6336901142433,0.0,2559.0,1039.0,144.0,2170.0,2026.0,0.2829551050119323,-1.4636328703149744,0.18461298377028715,794.7040567779742,437.95895755305867,663.1338654000123,0.15038337690099735,0.663443222317168,0.5731872095556922,0.49775869070451007,0.4233541956237703,0.03125,0.8700133688171866,0.0,982.8080823841473,480.51497443099083,0.0,1439.0,1127.0,695.0,1435.0,740.0,-0.7038129865011481,-0.8420588205662991,-0.05196629213483146,386.8402590635293,214.0113920099875,322.2491471249868,0.07591559803282164,0.675946275706704,0.5775519124009145,0.469795497644005,0.3792310919817914,0.125,0.8562111447558567,0.0,-0.4186897489764408,0.23891096985790727,-1.1943007707595823,0.417594313621521,-0.3793689012527466,-0.5671428442001343,-0.2445724755525589,0.3225703686475754,-0.5187076758382653,-0.258499049168579,5.547150960203709e-05,0.2137465365624675,0.1387543069575079,0.16258790628543165,-4.069410868502302e-05,0.5998050965875622,0.5489008270886376,0.44892118279407034,0.3868349282753602,0.03125,0.8394792148267066,0.0,-0.03439141232898035,0.6048995362658197,-3.0228962898254395,1.823751449584961,0.1167697608470916,-0.1981285363435745,0.2992351949214935,0.49736373126506794,-1.1508289395988327,1.8719169555019168,5.7020702500469166e-05,0.5100515957572055,0.284971580337951,0.42301753153447796,-7.346894137773765e-05,0.6445225914363263,0.5628809395983143,0.5090654280664116,0.4246625852297778,0.78125,0.9338730716796374,0.1905133406147605,304.0,0.2572944297082228,166.0,7.0,0.9690133873465779,0.7427055702917772,7.0,0.9690133873465779,0.7427055702917772,4.0,1.1727494741516684,0.39428928069901703,455.0,454.0,454.0,1043.7651839256287,2.2990422553427945,3.199312735748103,2.2052963972091675,5.0,0.9146529918075719,0.7070484581497798,0.0,540.0,7.0,1.8253438633081231,0.2574074074074074,7.0,1.8253438633081231,0.2574074074074074,4.0,1.1653058812860175,0.4777777777777778,0.0,8.0,4.0,3.0,3.0,1.0,1.0,3.0,1992.8412751356761,1366.9020128426953,,,4.666666666666667,0.4714045207910317,2.0,0.816496580927726,2.0,0.6365141682948128,6409.0,454.0,540.0,0.0,3.0,6582.111958503723
20260207_120524,2295.0,1786.9191019535065,1.2843334639441966,0.0,0.2918738085511982,0.3354345481283895,0.0,0.98359375,0.069921875,0.00390625,0.5708984374999999,0.5669921874999999,0.6956323998046554,-1.1341161376729783,0.000169089200087184,0.23360206588901491,0.12352110805361813,0.19827377447352854,-0.0001109870869732729,0.7574224960976834,0.6347422772014709,0.5096323775374757,0.43298926508958613,0.03125,0.7964721263014404,0.0,0.43010106511740503,0.30466723804500373,0.0,0.9986111111111112,0.3916666666666666,0.1680555555555555,0.6048611111111111,0.43680555555555556,0.5170361310461715,-0.818767453900739,-0.00014984742807323432,0.3073084663211046,0.19482375520681974,0.2376598837288161,6.29114612379746e-05,0.4914201417107804,0.32222075797759203,0.14611435939232514,0.04311294550908431,0.28125,0.8614496775119318,0.0,747.1969498910676,858.7124432086773,0.0,2518.0,179.0,10.0,1461.5,1451.5,0.6956323998046549,-1.1341161376729787,0.4328683522231909,598.0212886758783,316.2140366172624,507.580862652233,-0.2841269426515785,0.7574224960976836,0.634742277201471,0.5096323775374759,0.432989265089586,0.03125,0.7964721263014406,0.0,619.3455337690632,438.7208227848053,0.0,1438.0,564.0,242.0,871.0,629.0,0.517036131046172,-0.8187674539007386,-0.2157802964254577,442.5241915023906,280.5462074978204,342.2302325694951,0.09059250418268341,0.49142014171078047,0.322220757977592,0.1461143593923252,0.04311294550908433,0.28125,0.8614496775119318,0.0,-0.31028370123467164,0.19767459084759037,-1.1075682640075684,0.5688371062278748,-0.2929669022560119,-0.391883909702301,-0.17857708036899567,0.21330682933330536,-0.536211307839222,1.45545247125744,0.00016901088649538555,0.20662437514281076,0.13500624575851924,0.15641922699600277,-4.476941180252869e-05,0.4536809183285564,0.32973667509227744,0.15216670970521395,0.08758699031108534,0.28125,0.8599026455381766,0.0,0.10140913799230729,0.42323845059781284,-2.712913751602173,1.8025590181350708,0.1647154539823532,-0.11902958899736399,0.29182907938957214,0.41085866838693613,-1.0211667579148442,6.08026533313598,-0.00021653427517507587,0.3911978760841439,0.19702664377185736,0.3379590608103815,7.040561951847932e-05,0.5729278002293179,0.4459319213716068,0.3199491537049395,0.19567273627553902,0.03125,0.8743897539240308,0.050980392156862744,88.0,0.530718954248366,74.0,7.0,1.4883894916620963,0.4688453159041394,7.0,1.4883894916620963,0.4688453159041394,2.0,0.37687613408822124,0.8749455337690631,51.0,50.0,50.0,109.68716144561768,2.1937432289123535,8.176904873053164,0.8649895191192627,7.0,1.6208714487874756,0.36,0.0,341.0,7.0,1.895309454163105,0.21114369501466276,7.0,1.895309454163105,0.21114369501466276,2.0,0.1425058673927378,0.967741935483871,0.0,4.0,4.0,1.0,1.0,1.0,1.0,1.0,1598.4737663269043,,,,4.0,,2.0,,1.0,-0.0,2295.0,50.0,341.0,0.0,1.0,1787.654981136322
20260209_185324,1268.0,1517.0626256465912,0.8358257454662179,0.0,0.2775751059739747,0.3485923682189562,0.0,0.99921875,0.062109375,0.00693359375,0.51533203125,0.5083984375,0.9544420443763001,-0.6615550997093074,-0.000353628157063931,0.4175486536204181,0.2599401267758485,0.32676923613592074,-6.580951783712975e-05,0.2829533542338385,0.19690391083779107,0.06863772899778221,0.03732273260746876,0.6875,0.8292412727390086,0.0,0.6604758149316509,0.29541856684405393,0.0652777777777777,0.9986111111111112,0.7020833333333333,0.39704861111111106,0.9770833333333332,0.5800347222222222,-0.2785891826562669,-1.3694105827989955,0.0003929886871875808,0.3094025530146988,0.21481134350609488,0.22267954767609052,4.477396485037611e-05,0.45163163614450125,0.3238246328228049,0.0857685664673049,0.11431778224244483,0.5,0.8825757334413153,0.0,710.5922712933753,892.396462640528,0.0,2558.0,159.0,17.75,1319.25,1301.5,0.9544420443762999,-0.6615550997093083,-0.9052880820836622,1068.92455326827,665.446724546172,836.5292445079572,-0.16847236566305218,0.2829533542338385,0.19690391083779107,0.06863772899778219,0.037322732607468725,0.6875,0.8292412727390086,0.0,951.0851735015773,425.4027362554377,94.0,1438.0,1011.0,571.75,1407.0,835.25,-0.27858918265626714,-1.3694105827989962,0.5659037095501184,445.5396763411663,309.32833464877666,320.65854865357034,0.0644745093845416,0.45163163614450147,0.3238246328228048,0.0857685664673049,0.1143177822424448,0.5,0.8825757334413153,0.0,-0.34215802931896455,0.2504892139662182,-1.236172437667847,0.066250130534172,-0.2827233076095581,-0.3774946928024292,-0.17524718493223188,0.20224750787019732,-1.4070834929194436,1.4571853784226807,-0.0002567445375642721,0.2961938215673323,0.19675477049723283,0.2214010075383568,-3.7333502610563895e-06,0.30089339175756247,0.24762550532694286,0.030299850912660735,0.07855833222401205,0.46875,0.8797687726534485,0.0,0.10092321413084211,0.31259520616289455,-1.941858530044556,1.7366888523101809,0.17271185666322705,-0.04480469319969407,0.2735597863793373,0.31836447957903136,-1.8471758577177837,9.63809782693173,0.0004507996077225158,0.36194830029278474,0.2167201739592197,0.2898950525693872,-1.2062769469021568e-05,0.3297415150173874,0.1850946704710261,0.1018875321821383,0.04537567309965605,0.03125,0.8969401950145961,0.04100946372239748,40.0,0.12145110410094637,42.0,7.0,0.5212814900439209,0.8785488958990536,7.0,0.5212814900439209,0.8785488958990536,2.0,0.19290400283684594,0.9518927444794952,28.0,27.0,27.0,106.92638325691223,3.960236416922675,12.094784556676261,1.1854352951049805,2.0,0.15841057013179086,0.9629629629629629,0.0,84.0,7.0,1.6819324382659222,0.2857142857142857,7.0,1.6819324382659222,0.2857142857142857,2.0,0.15407610367102942,0.9642857142857143,0.0,4.0,4.0,1.0,1.0,1.0,1.0,1.0,1434.563768863678,,,,2.0,,1.0,,1.0,-0.0,1268.0,27.0,84.0,0.0,1.0,1517.611275434494
20260209_224413,37849.0,4668.37016415596,8.107540462538083,0.0,0.4074176332267696,0.2560531549924538,0.0,0.938671875,0.4375,0.18125,0.607421875,0.426171875,-0.09227789169848763,-1.0654667223630692,5.1334028035669624e-20,0.12752768116546187,0.06778881562433947,0.10801845184823289,5.0378196625752373e-05,0.8759751621615652,0.7554223883546712,0.5471611092626355,0.4029234766653459,0.8125,0.8672707964618052,0.0,0.3175409687177997,0.3208097553961988,0.0,0.99875,0.22,0.006875,0.5825,0.575625,0.5917235902975037,-1.0447552412168581,-1.2979549778059394e-05,0.21418557022318374,0.11860220487212006,0.17835070972600797,2.5700794816432113e-05,0.777130356163072,0.6717972291623328,0.517604503562496,0.42995488680579375,0.5,0.85057074331424,0.0,1042.98914106053,655.4960767806816,0.0,2403.0,1120.0,464.0,1555.0,1091.0,-0.09227789169848709,-1.0654667223630694,0.0,326.4708637835824,173.53936799830902,276.5272367314762,0.12896818336192606,0.8759751621615653,0.7554223883546716,0.5471611092626356,0.40292347666534606,0.8125,0.8672707964618052,0.0,508.0655499484795,513.2956086339182,0.0,1598.0,352.0,11.0,932.0,921.0,0.5917235902975038,-1.0447552412168584,-0.02076727964489537,342.69691235709405,189.7635277953921,285.36113556161274,0.04112127170629139,0.7771303561630715,0.6717972291623311,0.5176045035624959,0.4299548868057939,0.5,0.8505707433142399,0.0,-0.21093692450443627,0.26101934224180995,-1.2288775444030762,0.3908189237117767,-0.151315227150917,-0.2480604201555252,-0.0610060952603817,0.1870543248951435,-1.7669054722625628,2.7353573576441144,1.2663032216239664e-06,0.1490893924201542,0.07292419889142586,0.13003733367713297,-9.270508220273043e-06,0.8368793114522333,0.6990499372880422,0.42820024079374114,0.30377343579800176,0.40625,0.8507254714618675,0.0,0.07964296240334454,0.2318193941694822,-2.6531100273132324,2.188194990158081,0.0813505202531814,0.0141190160065889,0.1636262089014053,0.1495071928948164,-1.367325019447022,18.95309874898567,-9.631787674216856e-06,0.15298880844363372,0.07011924339791896,0.1359737743356328,-2.9994332219009143e-05,0.7822327069110672,0.673114703577707,0.45643624623200724,0.29896389029135007,0.8125,0.8635560213127927,0.03376575338846469,1502.0,0.7133609870802399,356.0,7.0,1.4651640423765726,0.4462997701392375,7.0,1.4651640423765726,0.4462997701392375,6.0,1.3991436735394114,0.5027345504504742,670.0,669.0,669.0,171.25564813613892,0.2559875158985634,1.404256201855844,0.1310830116271972,7.0,1.4524588130480822,0.4872944693572496,0.0,5145.0,7.0,1.8190386044370184,0.2345966958211856,7.0,1.8190386044370184,0.2345966958211856,6.0,1.4128108599370333,0.4837706511175899,0.0,12.0,4.0,5.0,5.0,1.0,1.0,5.0,892.4128412723542,794.1205457098285,,,1.4,0.8,2.0,0.8944271909999159,1.0,-0.0,37849.0,669.0,5145.0,0.0,5.0,4695.877068042755
20260211_220513,479.0,540.9422776699066,0.8854918903053368,0.0,0.4090182510184638,0.4389558020256499,0.0,1.4985354422964263,0.1874633860574106,0.025483304042179203,0.7480960749853545,0.7226127709431752,0.8906503220686952,-0.24487700274130875,-0.0015319641250769042,0.4059626895868992,0.2341380434489537,0.3316435267883355,-0.00018031801058542143,0.5726047394707017,0.5158575546273079,0.3037492736846938,0.23866401142796054,0.03125,0.8333438289011246,0.0,0.7195437543493389,0.47228414982034794,0.0,1.4979166666666666,0.75,0.3083333333333333,1.0364583333333333,0.7281249999999999,0.10640257509693855,-0.9855580897545098,-0.0015516039051603821,0.5338281173435492,0.35895223152022315,0.3951305630141621,-9.517700894292653e-05,0.36100146523835436,0.22233093750568392,0.017438142891551236,0.0821696172675004,0.09375,0.8586120308625657,0.0,698.1941544885177,749.2975540577844,0.0,2558.0,320.0,43.5,1277.0,1233.5,0.8906503220686954,-0.24487700274130875,-2.6150627615062763,692.9783111248369,399.673640167364,566.1155002276887,-0.307802844069314,0.5726047394707015,0.515857554627308,0.3037492736846939,0.23866401142796062,0.03125,0.8333438289011249,0.0,690.7620041753653,453.392783827534,0.0,1438.0,720.0,296.0,995.0,699.0,0.10640257509693916,-0.9855580897545093,-1.4895397489539748,512.4749926498073,344.59414225941424,379.32534049359566,-0.0913699285852094,0.36100146523835447,0.22233093750568383,0.01743814289155124,0.0821696172675005,0.09375,0.8586120308625657,0.0,-0.31521680810545144,0.21379706978176732,-1.0882264375686646,0.151956245303154,-0.2891335487365722,-0.405974805355072,-0.1574329063296318,0.24854189902544022,-0.9822165390112497,1.0182411916408087,0.0014530737498564704,0.24772573953559382,0.16827253348517493,0.18180898747383217,-4.211458251071874e-05,0.3262365586103445,0.2048480000603676,0.12094506196443007,0.12176366457477361,0.09375,0.9067191234931333,0.0,0.12446191252961693,0.34275435123491327,-2.521749258041382,1.261130928993225,0.1996987462043762,-0.0065741466823965,0.27391543984413147,0.28048958652652795,-1.9988614866800907,13.064172085600394,0.0009464256184869209,0.3594677215815334,0.2239057597115823,0.28121904158226796,-0.00028570740319007573,0.4506634287554735,0.3248171411013868,0.07931917377720281,0.04857508086337043,0.03125,0.887166972323621,0.16075156576200417,12.0,0.5386221294363257,19.0,7.0,1.447832638809508,0.4613778705636743,7.0,1.447832638809508,0.4613778705636743,2.0,0.5413616128768115,0.7682672233820459,17.0,16.0,16.0,97.45047521591187,6.090654700994492,16.061428142512092,2.1575589179992676,4.0,1.1432752061942137,0.5,0.0,99.0,7.0,1.7619149866327044,0.30303030303030304,7.0,1.7718926091876441,0.30303030303030304,2.0,0.4423401531350533,0.8383838383838383,0.0,4.0,4.0,1.0,1.0,1.0,1.0,1.0,434.7843403816223,,,,0.0,,0.0,,1.0,-0.0,479.0,16.0,99.0,0.0,1.0,543.8195750713348
20260215_212801,19247.0,2168.4916603565216,8.875754678639439,0.0,0.384296416324622,0.29440087764077116,0.0,0.946484375,0.39375,0.07421875,0.633203125,0.558984375,0.1154788600171187,-1.307360593992078,2.882092382832875e-06,0.10821075079990528,0.05764265951366518,0.09157996724817781,6.872192033000044e-05,0.9324515280370602,0.8549680983946921,0.6795330288373871,0.556682911224342,0.1875,0.8686781484095629,0.0,0.42474099859718395,0.32049994573909324,0.0,0.99875,0.42,0.11031250000000001,0.670625,0.5603125,0.22174809678163926,-1.1317968020033806,-6.754650316948968e-06,0.1481382899998883,0.08273303543593474,0.12288286234163279,-2.903627280403519e-06,0.8931862562503914,0.8110797314405859,0.6578882082979995,0.5327779477337155,0.15625,0.9147110758603572,0.0,983.7988257910324,753.6662467603742,0.0,2423.0,1008.0,190.0,1621.0,1431.0,0.11547886001711863,-1.3073605939920774,0.0073781565000519585,277.0195220477575,147.56520835498284,234.44471615533521,0.1759281160448011,0.93245152803706,0.8549680983946927,0.6795330288373871,0.5566829112243415,0.1875,0.8686781484095628,0.0,679.5855977554944,512.7999131825492,0.0,1598.0,672.0,176.5,1073.0,896.5,0.22174809678163881,-1.131796802003381,-0.010807440507118363,237.02126399982126,132.3728566974956,196.61257974661245,-0.004645803648645632,0.8931862562503907,0.8110797314405863,0.6578882082979992,0.5327779477337153,0.15625,0.9147110758603572,0.0,-0.22466820488629224,0.18989026838849765,-1.2158753871917725,0.4754603207111358,-0.2067654281854629,-0.2821796387434006,-0.1218322999775409,0.16034733876585966,-2.15530087346043,6.96745173151699,2.9669763528295175e-06,0.09152533922202397,0.0496214111752172,0.07690645799599367,-5.198086500299608e-06,0.8838481626800772,0.7833172843529996,0.5444417622739761,0.40683591768132304,0.5625,0.951138388728315,0.0,0.10621169394220108,0.17692048149464015,-2.424782514572144,1.5582391023635864,0.1086505874991417,0.01744423806667325,0.2004846408963203,0.18304040282964704,-0.702918751064494,18.792898037766655,-1.0017864231903244e-05,0.10792724840555633,0.05528812064396521,0.09269042434043882,-4.2572089966779386e-05,0.8139357817520744,0.755935121426663,0.5239575496924624,0.3565370052263579,0.875,0.9083234778793212,0.06572452849794773,872.0,0.6873798514054138,276.0,7.0,1.6391055715615495,0.32171247467137737,7.0,1.6391055715615495,0.32171247467137737,2.0,0.14709408382110267,0.9663843715903777,377.0,376.0,376.0,160.08587002754211,0.42576029262644177,1.9054804582281404,0.12654495239257807,7.0,1.5941230160980606,0.32978723404255317,0.0,3387.0,7.0,1.8055389449094896,0.2173014467080012,7.0,1.8055389449094896,0.2173014467080012,2.0,0.07060714834868188,0.9867139061116031,0.0,4.0,4.0,1.0,1.0,1.0,1.0,1.0,2074.702177286148,,,,3.0,,2.0,,1.0,-0.0,19247.0,376.0,3387.0,0.0,1.0,2195.6376926898956
20260216_202836,80847.0,10360.368179559708,7.803487154009214,0.0,0.22976685513995568,0.30293558595765363,0.0,0.99921875,0.05625,0.0015625,0.40390625,0.40234375,1.1786718036008639,0.04380039924049939,-6.126617272344822e-06,0.15761899783648042,0.07512127609900304,0.13856602178661698,-8.546017802016022e-07,0.8646417333438157,0.749173087340394,0.5488963349211281,0.4254158435852039,1.0,0.8358140188558505,0.0,0.44013132058085025,0.38476554452399997,0.0,0.999375,0.393125,0.029375,0.83125,0.801875,0.22587562153536853,-1.5217865555805654,1.5770724587488304e-06,0.21513562237356168,0.11450421171115455,0.1821321539897719,-5.4120256070697865e-06,0.8436860910710076,0.746569550557726,0.5890179630655749,0.48779602099805947,0.375,0.8339756875109352,0.0,588.2031491582867,775.5151000515933,0.0,2558.0,144.0,4.0,1034.0,1030.0,1.178671803600863,0.04380039924049717,-0.015684140217203078,403.5046344613899,192.3104668134478,354.7290157737395,-0.002187780557316102,0.8646417333438157,0.7491730873403957,0.5488963349211274,0.4254158435852039,1.0,0.8358140188558505,0.0,704.2101129293604,615.6248712384,0.0,1599.0,629.0,47.0,1330.0,1283.0,0.22587562153536828,-1.5217865555805659,0.0025233159339979713,344.21699579769864,183.20673873784727,291.4114463836351,-0.00865924097131166,0.8436860910710066,0.7465695505577253,0.5890179630655759,0.48779602099805924,0.375,0.8339756875109354,0.0,-0.2032898094541017,0.2632078091555331,-1.2948307991027832,0.503584086894989,-0.1476160883903503,-0.2610384076833725,-0.04661171138286585,0.21442669630050665,-1.5544907552064953,2.346978921111514,5.703841805637986e-06,0.1328070088993234,0.07024537220049695,0.11270886979174455,3.882269220681105e-06,0.8727034914810594,0.7743960795091969,0.5893971851580888,0.5070060552369515,0.375,0.8531133769204817,0.0,0.10124582664374834,0.40495370321483465,-2.8088204860687256,2.2190866470336914,0.1534300446510315,0.0588867552578449,0.24582549184560776,0.18693873658776286,-2.1993386505887207,10.25080056524456,4.8405852419375765e-06,0.19235652086600813,0.07913359743860901,0.17532514052334439,5.850227362052688e-06,0.8871844306959862,0.835849441274664,0.7295327057478492,0.6292061914735623,0.125,0.8124470645236156,0.11198931314705556,4966.0,0.6422625453016191,887.0,7.0,1.597233356340677,0.3580095736390961,7.0,1.597233356340677,0.3580095736390961,4.0,0.9382468046591437,0.6183779237324823,2437.0,2436.0,2436.0,1183.4310269355774,0.4858091243577904,1.0088342686487044,0.16434192657470698,7.0,1.5693075907640397,0.3739737274220033,0.0,11083.0,7.0,1.841294540555114,0.23964630515203464,7.0,1.8411326180671865,0.23973653342957682,4.0,0.938181901764145,0.6086799602995578,0.0,8.0,4.0,3.0,3.0,1.0,1.0,3.0,3418.3620623747506,2079.876928786542,,,1.3333333333333333,1.247219128924647,2.3333333333333335,1.699673171197595,2.0,0.6365141682948128,80847.0,2436.0,11083.0,0.0,3.0,10386.63071513176
20260219_110938,22491.0,2321.0918300151825,9.689836355958775,0.0,0.39952838774398647,0.26860368128529155,0.0,0.99921875,0.334765625,0.21015625,0.528515625,0.31835937500000006,0.826765537016373,-0.11447712594685067,-6.878056914183979e-06,0.1480858258035626,0.0622569753223655,0.13436324227608207,1.4521064518110877e-05,0.8480308364710181,0.6880519861439136,0.3853040123886581,0.24020390214030396,0.0625,0.8399664761787415,0.0,0.45161962007025025,0.330183083569529,0.0,0.99875,0.416875,0.153125,0.7096875,0.5565625000000001,0.2814630154170628,-1.175950859441485,8.337038683860796e-07,0.18215005133392115,0.08232142063139174,0.16248638375837726,-2.0124204475775442e-05,0.8478400614956761,0.698784905551501,0.405599093029948,0.25297331780801996,0.3125,0.9166577908842508,0.0,1022.7926726246054,687.6254240903463,0.0,2558.0,857.0,538.0,1353.0,815.0,0.8267655370163728,-0.11447712594685067,-0.01760782570031125,379.09971405712025,159.37785682525566,343.9699002267701,0.03717392516636387,0.8480308364710177,0.688051986143913,0.38530401238865813,0.24020390214030388,0.0625,0.8399664761787415,0.0,722.5913921124005,528.2929337112464,0.0,1598.0,667.0,245.0,1135.5,890.5,0.2814630154170622,-1.1759508594414851,0.0013339261894175188,291.44008213427384,131.71427301022678,259.97821401340366,-0.032198727161240705,0.8478400614956758,0.6987849055515013,0.40559909302994757,0.25297331780802024,0.3125,0.9166577908842508,0.0,-0.3571233187462295,0.21117835272586533,-1.2806142568588257,0.1255845576524734,-0.3100998103618622,-0.4396893829107284,-0.20412676781415934,0.23556261509656906,-1.2361660273081883,1.2733030756248702,8.435341293094199e-06,0.12155664886881616,0.05845545515726147,0.10657850964302815,-4.571895410201858e-06,0.8343403656026487,0.6694784679243726,0.3333035646692805,0.17912229356435894,0.90625,0.8864968623091604,0.0,0.04784851228882635,0.4108379443282312,-2.197338104248047,1.7445197105407717,0.1239512413740158,-0.0094254603609442,0.22132107615470886,0.23074653651565305,-1.4746502294017938,5.768918326674206,-7.642148308565287e-06,0.32380981242699297,0.13421020266815017,0.29468698000112054,1.3517875543025124e-06,0.6894053270196475,0.5229521131196482,0.2544353353468687,0.12996515040740556,0.84375,0.9382396406154588,0.04637410519763461,1334.0,0.4342181316971233,222.0,7.0,1.220637200410793,0.5706282513005202,7.0,1.220637200410793,0.5706282513005202,3.0,0.7633631702054093,0.6171802054154996,282.0,281.0,281.0,138.61298322677612,0.49328463781770865,2.6760701119834924,0.1259026527404785,6.0,0.7923082310376559,0.6832740213523132,0.0,1959.0,7.0,1.8630437955120678,0.25880551301684535,7.0,1.8630437955120678,0.25880551301684535,3.0,0.6638636182317761,0.6901480347115876,0.0,6.0,4.0,2.0,2.0,1.0,1.0,2.0,1114.5207407474518,312.36341190338135,,,2.0,0.0,3.0,0.0,1.0,-0.0,22491.0,281.0,1959.0,0.0,2.0,2323.1983535289764
